num_nodes,num_edges,avg_degree,density,avg_clustering_coefficient,/JS,/JavaScript,/URI,/Action,/AA,/OpenAction,/launch,/submitForm,/Acroform,/XFA,/JBig2Decode,/Colors,/Richmedia,/Trailer,/Xref,/Startxref,count_page,size,author_dot,author_len,author_num,author_oth,author_uc,creator_dot,creator_len,creator_num,creator_oth,creator_uc,producer_dot,producer_len,producer_num,producer_oth,producer_uc,keywords_dot,keywords_len,keywords_num,keywords_oth,keywords_uc,subject_dot,subject_len,subject_num,subject_oth,subject_uc,title_dot,title_len,title_num,title_oth,title_uc,createdate_ts,moddate_ts,count_font,file_name
40,24,1.2,0.03076923076923077,0.0,False,False,False,False,False,True,False,False,False,False,False,False,False,False,False,False,11,1060187,0,13,0,1,2,0,8,0,0,1,2,34,4,7,3,0,101,0,15,5,5,83,29,17,4,0,88,0,11,1,D:20200205072729+05'30',D:20200205072756+05'30',0,2020 Predicting-sentence-level-polarity-labels-of-financi_2020_Expert-Systems-wit.pdf
35,20,1.1428571428571428,0.03361344537815126,0.0,False,False,False,False,False,True,False,False,False,False,False,False,False,False,False,False,9,979478,0,12,0,1,2,0,8,0,0,1,2,33,3,7,3,0,79,0,10,11,5,83,29,17,4,0,69,0,10,3,D:20210120214257Z,D:20210121011328Z,0,2021 BinDeep--A-deep-learning-approach-to-binary-code_2021_Expert-Systems-with-Ap.pdf
365,195,1.0684931506849316,0.0029354207436399216,0.0,False,False,False,False,False,True,False,False,False,False,False,False,False,False,False,False,15,1136007,0,11,0,1,2,0,8,0,0,1,2,33,3,7,3,0,77,0,8,4,5,83,29,17,4,0,88,0,15,2,D:20230830044203Z,D:20230830050746Z,0,2023 Code-classification-with-graph-neural-networks--Have_2023_Expert-Systems-wit.pdf
280,150,1.0714285714285714,0.0038402457757296467,0.0,False,False,False,False,False,True,False,False,False,False,False,False,False,False,False,False,11,2008044,0,12,0,1,2,0,8,0,0,1,2,33,3,7,3,0,51,0,6,3,5,83,29,17,4,0,90,0,14,9,D:20220302013013Z,D:20220302015151Z,0,2022 MDMN--Multi-task-and-Domain-Adaptation-based-Multi-m_2022_Expert-Systems-wit.pdf
303,164,1.0825082508250825,0.003584464406705571,0.0,False,False,False,False,False,True,False,False,False,False,False,False,False,False,False,False,18,3336380,0,13,0,1,2,0,8,0,0,1,2,33,3,7,3,0,87,0,11,6,5,83,29,17,4,0,91,0,11,1,D:20220905150544Z,D:20220905153915Z,0,2022 Identification-of-malware-families-using-stacking-of_2022_Expert-Systems-wit.pdf
48,30,1.25,0.026595744680851064,0.0,False,False,False,False,False,True,False,False,False,False,False,False,False,False,False,False,22,15815609,0,11,0,1,2,0,8,0,0,1,2,33,3,7,3,0,141,0,15,6,5,83,29,17,4,0,145,0,18,1,D:20230412151744Z,D:20230417060948Z,0,2023 Development-of-a-deep-stacked-ensemble-with-process-based-_2023_Expert-Syste.pdf
320,169,1.05625,0.003311128526645768,0.0,False,False,False,False,False,True,False,False,False,False,False,False,False,False,False,False,17,1555702,0,9,0,1,2,0,8,0,0,1,2,33,3,7,3,0,105,0,10,6,5,83,29,17,4,0,83,0,11,10,D:20210120114339Z,D:20210120145337Z,0,2021 A-Neighborhood-Undersampling-Stacked-Ensemble--NUS-_2021_Expert-Systems-with.pdf
31,16,1.032258064516129,0.034408602150537634,0.0,False,False,False,False,False,True,False,False,False,False,False,False,False,False,False,False,12,1573934,0,16,0,2,3,0,8,0,0,1,2,33,3,7,3,0,87,0,7,7,5,83,29,17,4,0,65,0,8,7,D:20210521174337Z,D:20210521174343Z,0,2021 CASTLE--Cluster-aided-space-transformation-for-_2021_Expert-Systems-with-App.pdf
98,56,1.1428571428571428,0.011782032400589101,0.0,False,False,False,False,False,True,False,False,False,False,False,False,False,False,False,False,13,3134672,0,11,0,1,2,0,8,0,0,1,2,33,3,7,3,0,90,0,11,7,5,83,29,17,4,0,117,0,15,4,D:20230508074543Z,D:20230508074851Z,0,2023 Optimal-privacy-preservation-strategies-with-signaling-_2023_Expert-Systems-.pdf
281,154,1.096085409252669,0.003914590747330961,0.0,False,False,False,False,False,True,False,False,False,False,False,False,False,False,False,False,15,2377818,0,13,0,1,2,0,8,0,0,1,2,33,3,7,3,0,82,0,9,4,5,83,29,17,4,0,82,0,9,1,D:20220930154106Z,D:20221001125102Z,0,2022 An-asymmetric-bisquare-regression-for-mixed-cyberat_2022_Expert-Systems-with.pdf
59,30,1.0169491525423728,0.017533606078316773,0.0,False,False,False,False,False,True,False,False,False,False,False,False,False,False,False,False,17,2892419,0,17,0,1,2,0,8,0,0,1,2,33,3,7,3,0,111,0,12,6,5,83,29,17,4,0,101,0,16,3,D:20211201095636Z,D:20211201115440Z,0,2022 Generating-decision-support-for-alarm-processing-in-co_2022_Expert-Systems-w.pdf
178,91,1.0224719101123596,0.005776677458261918,0.0,False,False,False,False,False,True,False,False,False,False,False,False,False,False,False,False,6,352997,0,73,0,18,13,0,8,0,0,1,2,33,3,7,3,0,0,0,0,0,0,0,0,0,0,0,51,0,6,1,D:20090925111707+05'30',D:20090925111809+05'30',0,2010 Malicious-web-content-detection-by-machine-l_2010_Expert-Systems-with-Applic.pdf
126,83,1.3174603174603174,0.01053968253968254,0.019047619047619046,False,False,False,False,False,True,False,False,False,False,False,False,False,False,False,False,16,1704315,0,10,0,1,2,0,8,0,0,1,2,33,3,7,3,0,64,0,7,4,5,83,29,17,4,0,72,0,12,1,D:20230809050131Z,D:20230809102957Z,0,2023 How-to-react-to-hacker-types-and-asset-types-in-s_2023_Expert-Systems-with-A.pdf
166,113,1.3614457831325302,0.008251186564439577,0.016967871485943777,False,False,False,False,False,True,False,False,False,False,False,False,False,False,False,False,18,1915009,0,17,0,1,2,0,8,0,0,1,2,35,5,7,3,0,94,0,15,6,6,83,27,19,4,0,102,0,13,8,D:20161219121336+05'30',D:20161219121429+05'30',0,2017 SUSPEND--Determining-software-suspiciousness-by-non-st_2017_Expert-Systems-w.pdf
25,15,1.2,0.05,0.0,False,False,False,False,False,True,False,False,False,False,False,False,False,False,False,False,13,6719166,0,10,0,1,2,0,8,0,0,1,2,33,3,7,3,0,66,0,7,7,5,83,29,17,4,0,77,1,10,6,D:20220112105942Z,D:20220112110750Z,0,2022 M2VMapper--Malware-to-Vulnerability-mapping-for-An_2022_Expert-Systems-with-.pdf
102,66,1.2941176470588236,0.0128130460104834,0.0,False,False,False,False,False,True,False,False,False,False,False,False,False,False,False,False,25,14103326,0,11,0,1,2,0,8,0,0,1,2,35,5,7,3,0,97,0,14,6,6,82,26,19,4,0,106,0,13,1,D:20180504184805+05'30',D:20180504184901+05'30',0,2018 An-anomaly-based-intrusion-detection-system-in-presenc_2018_Expert-Systems-w.pdf
56,32,1.1428571428571428,0.02077922077922078,0.0,False,False,False,False,False,True,False,False,False,False,False,False,False,False,False,False,16,3580154,0,23,0,1,2,0,8,0,0,1,2,33,3,7,3,0,103,0,12,10,5,83,29,17,4,0,84,0,10,1,D:20210217173703Z,D:20210217181555Z,0,1- 2021 Algorithmically-generated-malicious-domain-names-de_2021_Expert-Systems-with.pdf
44,23,1.0454545454545454,0.024312896405919663,0.0,False,False,False,False,False,True,False,False,False,False,False,False,False,False,False,False,9,1516029,0,12,0,2,2,0,8,0,0,1,2,33,3,7,3,0,70,0,8,5,5,83,29,17,4,0,85,0,11,1,D:20221029154405Z,D:20221031064907Z,0,2023 Android-malware-detection-based-on-multi-head-squee_2023_Expert-Systems-with.pdf
80,53,1.325,0.016772151898734176,0.0,False,False,False,False,False,True,False,False,False,False,False,False,False,False,False,False,16,4108862,0,20,0,1,2,0,8,0,0,1,2,35,5,7,3,0,58,0,7,3,5,83,29,17,4,0,69,0,7,1,D:20191230072350+05'30',D:20191230072443+05'30',0,2020 Improving-consensus-clustering-with-noise-induce_2020_Expert-Systems-with-Ap.pdf
249,129,1.036144578313253,0.004178002331908278,0.0,False,False,False,False,False,True,False,False,False,False,False,False,False,False,False,False,14,1611693,0,23,0,2,3,0,8,0,0,1,2,33,3,7,3,0,0,0,0,0,6,85,29,19,4,0,105,0,15,3,D:20131031213127+05'30',D:20131031213318+05'30',0,2014 Dendroid--A-text-mining-approach-to-analyzing-and-clas_2014_Expert-Systems-w.pdf
68,40,1.1764705882352942,0.01755926251097454,0.0,False,False,False,False,False,True,False,False,False,False,False,False,False,False,False,False,27,5560660,0,11,0,1,2,0,8,0,0,1,2,35,5,7,3,0,63,0,11,6,6,84,28,19,4,0,115,0,15,1,D:20180622155000+05'30',D:20180622155056+05'30',0,2018 Novel-set-of-general-descriptive-features-for-enhanced-_2018_Expert-Systems-.pdf
47,26,1.1063829787234043,0.024051803885291396,0.0,False,False,False,False,False,True,False,False,False,False,False,False,False,False,False,False,13,2305072,0,21,0,2,3,0,8,0,0,1,2,33,3,7,3,0,109,0,10,6,5,83,29,17,4,0,62,0,6,1,D:20210315021312Z,D:20210315025618Z,0,2021 Low-overhead-performance-monitoring-for-shared-_2021_Expert-Systems-with-App.pdf
217,110,1.0138248847926268,0.00469363372589179,0.0,False,False,False,False,False,True,False,False,False,False,False,False,False,False,False,False,12,2442257,2,13,0,3,3,0,8,0,0,1,2,33,3,7,3,0,0,0,0,0,6,85,29,19,29,0,75,0,8,1,D:20141009174755+05'30',D:20141009174907+05'30',0,2015 Comparisons-of-machine-learning-techniques-for-det_2015_Expert-Systems-with-.pdf
296,163,1.1013513513513513,0.003733394411360513,0.0,False,False,False,False,False,True,False,False,False,False,False,False,False,False,False,False,15,6601837,0,24,0,4,3,0,8,0,0,1,2,33,3,7,3,0,79,0,9,4,5,83,29,17,4,0,72,0,10,1,D:20230615120020Z,D:20230615120429Z,0,2023 A-multi-channel-approach-for-detecting-tampering-_2023_Expert-Systems-with-A.pdf
10,5,1.0,0.1111111111111111,0.0,False,False,False,False,False,True,False,False,False,False,False,False,False,False,False,False,10,9834778,0,10,0,1,2,0,8,0,0,1,2,33,3,7,3,0,95,0,9,10,5,83,29,17,4,0,109,0,14,2,D:20221202130255Z,D:20221202142348Z,0,2023 Fileless-malware-threats--Recent-advances--analysis-app_2023_Expert-Systems-.pdf
38,19,1.0,0.02702702702702703,0.0,False,False,False,False,False,True,False,False,False,False,False,False,False,False,False,False,9,648122,0,10,0,1,2,0,8,0,0,1,2,33,3,7,3,0,53,0,5,3,5,83,29,17,4,0,66,0,9,2,D:20210122011556Z,D:20210122071018Z,0,2021 Deep-belief-network-based-intrusion-detection-te_2021_Expert-Systems-with-Ap.pdf
65,38,1.1692307692307693,0.01826923076923077,0.0,False,False,False,False,False,True,False,False,False,False,False,False,False,False,False,False,11,1469022,0,10,0,1,2,0,8,0,0,1,2,35,5,7,3,0,59,0,7,6,6,83,27,19,4,0,82,0,10,1,D:20171006043729+05'30',D:20171006043802+05'30',0,2018 Quantifying-the-resilience-of-machine-learning-clas_2018_Expert-Systems-with.pdf
308,164,1.0649350649350648,0.0034688438597233386,0.0,False,False,False,False,False,True,False,False,False,False,False,False,False,False,False,False,17,4167152,0,15,0,1,2,0,8,0,0,1,2,33,3,7,3,0,139,0,16,8,5,83,29,17,4,0,100,0,14,1,D:20230504121400Z,D:20230504122351Z,0,2023 An-implementation-of-bi-phase-network-intrusion-detect_2023_Expert-Systems-w.pdf
249,133,1.0682730923694779,0.004307552791812411,0.0,False,False,False,False,False,True,False,False,False,False,False,False,False,False,False,False,15,2747548,0,13,0,1,2,0,8,0,0,1,2,33,3,7,3,0,73,0,7,5,5,83,29,17,4,0,59,0,7,1,D:20230518123050Z,D:20230518140709Z,0,2023 Evolving-malware-variants-as-antigens-for-anti_2023_Expert-Systems-with-Appl.pdf
241,127,1.053941908713693,0.004391424619640387,0.0,False,False,False,False,False,True,False,False,False,False,False,False,False,False,False,False,13,1921104,0,22,0,2,3,0,8,0,0,1,2,33,3,7,3,0,89,0,12,14,5,83,29,17,4,0,78,0,8,4,D:20220112085124Z,D:20220112085507Z,0,2022 Unsupervised-online-anomaly-detection-in-Software-_2022_Expert-Systems-with-.pdf
179,99,1.106145251396648,0.0062142991651497085,0.0,False,False,False,False,False,True,False,False,False,False,False,False,False,False,False,False,9,913834,0,11,0,1,2,0,8,0,0,1,2,33,3,7,3,0,95,0,12,5,5,83,29,17,4,0,85,0,11,5,D:20210121031316Z,D:20210121042207Z,0,2021 Tree-RNN--Tree-structural-recurrent-neural-network-_2021_Expert-Systems-with.pdf
245,127,1.036734693877551,0.0042489126798260285,0.0,False,False,False,False,False,True,False,False,False,False,False,False,False,False,False,False,10,820882,0,16,0,1,2,0,8,0,0,1,2,33,3,7,3,0,0,0,0,0,5,83,29,17,4,0,88,0,11,12,D:20200910000229+05'30',D:20200910000243+05'30',0,2020 GSDroid--Graph-Signal-Based-Compact-Feature-Represen_2020_Expert-Systems-wit.pdf
72,44,1.2222222222222223,0.017214397496087636,0.0,False,False,False,False,False,True,False,False,False,False,False,False,False,False,False,False,11,2264282,0,25,0,3,3,0,8,0,0,1,2,33,3,7,3,0,54,0,6,3,5,83,29,17,4,0,47,0,5,1,D:20210508090255Z,D:20210508102149Z,0,2021 Identifying-meaningful-clusters-in-malware_2021_Expert-Systems-with-Applicat.pdf
46,32,1.391304347826087,0.030917874396135265,0.0,False,False,False,False,False,True,False,False,False,False,False,False,False,False,False,False,12,1942902,0,21,0,2,3,0,8,0,0,1,2,35,5,7,3,0,62,0,9,4,6,84,28,19,4,0,47,0,5,1,D:20190208064129+05'30',D:20190208064203+05'30',0,2019 Feature-analysis-of-encrypted-malicious-tr_2019_Expert-Systems-with-Applicat.pdf
400,212,1.06,0.002656641604010025,0.0,False,False,False,False,False,True,False,False,False,False,False,False,False,False,False,False,18,1771644,0,12,0,2,2,0,8,0,0,1,2,33,3,7,3,0,0,0,0,0,5,83,29,17,4,0,110,0,13,1,D:20200910131116+05'30',D:20200910131206+05'30',0,1- 2020 A-comparative-evaluation-of-unsupervised-deep-architect_2020_Expert-Systems-.pdf
306,163,1.065359477124183,0.003492981892210436,0.0,False,False,False,False,False,True,False,False,False,False,False,False,False,False,False,False,11,891433,1,63,0,17,12,0,8,0,0,1,2,33,3,7,3,0,0,0,0,0,0,0,0,0,0,0,72,0,9,1,D:20090520173232+05'30',D:20090520173347+05'30',0,2009 A-decision-support-system-for-constructing-an-ale_2009_Expert-Systems-with-A.pdf
201,106,1.054726368159204,0.00527363184079602,0.0,False,False,False,False,False,True,False,False,False,False,False,False,False,False,False,False,8,766401,0,21,0,1,2,0,8,0,0,1,2,33,3,7,3,0,78,0,8,5,5,83,29,17,4,0,66,0,7,1,D:20230904204513Z,D:20230904232757Z,0,2023 Random-feature-selection-using-random-subspace-l_2023_Expert-Systems-with-Ap.pdf
38,21,1.105263157894737,0.029871977240398292,0.0,False,False,False,False,False,True,False,False,False,False,False,False,False,False,False,False,22,5468461,0,25,6,7,4,0,8,0,0,1,2,35,5,7,3,0,131,0,19,7,5,83,29,17,4,0,121,0,15,4,D:20200214172237+05'30',D:20200214172344+05'30',0,2020 Integrating-complex-event-processing-and-machine-learnin_2020_Expert-Systems.pdf
213,111,1.0422535211267605,0.0049162901939941534,0.0,False,False,False,False,False,True,False,False,False,False,False,False,False,False,False,False,10,1467097,0,11,0,1,2,0,8,0,0,1,2,33,3,7,3,0,66,0,7,4,5,83,29,17,4,0,56,0,8,1,D:20230210125724Z,D:20230210160803Z,0,2023 An-effective-end-to-end-android-malware-detec_2023_Expert-Systems-with-Appli.pdf
228,123,1.0789473684210527,0.00475307210758173,0.0,False,False,False,False,False,True,False,False,False,False,False,False,False,False,False,False,12,956774,0,23,0,3,4,0,8,0,0,1,2,33,3,7,3,0,89,0,10,7,5,83,29,17,4,0,84,0,10,1,D:20230508030620Z,D:20230508064949Z,0,1- 2023 Accuracy-and-diversity-aware-multi-objective-approa_2023_Expert-Systems-with.pdf
55,33,1.2,0.022222222222222223,0.0,False,False,False,False,False,True,False,False,False,False,False,False,False,False,False,False,14,1654274,0,13,0,1,2,0,8,0,0,1,2,35,5,7,3,0,149,0,22,6,6,83,27,19,4,0,91,0,15,13,D:20161230120656+05'30',D:20161230120730+05'30',0,2017 A-Biological-Immune-System--BIS--inspired-Mobile-Age_2017_Expert-Systems-wit.pdf
58,42,1.4482758620689655,0.025408348457350273,0.0,False,False,False,False,False,True,False,False,False,False,False,False,False,False,False,False,16,4466153,0,18,0,1,2,0,8,0,0,1,2,35,5,7,3,0,109,0,16,5,6,83,27,19,4,0,66,0,9,1,D:20180108115943+05'30',D:20180108120040+05'30',0,1- 2018 A-detection-framework-for-semantic-code-clones-a_2018_Expert-Systems-with-Ap.pdf
536,285,1.0634328358208955,0.001987724926768029,0.0,False,False,False,False,False,True,False,False,False,False,False,False,False,False,False,False,23,4012922,0,11,0,1,2,0,8,0,0,1,2,33,3,7,3,0,0,0,0,0,5,83,29,17,4,0,114,0,12,3,D:20200810145241+05'30',D:20200810145344+05'30',0,2020 Toward-security-monitoring-of-industrial-Cyber-Physical_2020_Expert-Systems-.pdf
13,8,1.2307692307692308,0.10256410256410256,0.0,False,False,False,False,False,True,False,False,False,False,False,False,False,False,False,False,8,4180480,0,12,0,1,2,0,8,0,0,1,2,33,3,7,3,0,90,0,9,4,5,83,29,17,4,0,71,1,10,11,D:20221019200137Z,D:20221019222309Z,0,2023 IPDCN2--Improvised-Patch-based-Deep-CNN-for-facia_2023_Expert-Systems-with-A.pdf
21,11,1.0476190476190477,0.05238095238095238,0.0,False,False,False,False,False,True,False,False,False,False,False,False,False,False,False,False,19,7893036,0,27,0,2,3,0,8,0,0,1,2,33,3,7,3,0,135,0,15,8,5,83,29,17,4,0,92,0,12,2,D:20220811064914Z,D:20220811093810Z,0,2022 Android-malware-concept-drift-using-system-calls--De_2022_Expert-Systems-wit.pdf
162,121,1.4938271604938271,0.009278429568284641,0.0,False,False,False,False,False,True,False,False,False,False,False,False,False,False,False,False,24,5337379,0,12,0,1,2,0,8,0,0,1,2,35,5,7,3,0,57,0,11,5,6,84,28,19,4,0,114,0,14,1,D:20190715131824+05'30',D:20190715131904+05'30',0,2019 Unsupervised-collective-based-framework-for-dynamic-ret_2019_Expert-Systems-.pdf
282,146,1.0354609929078014,0.0036849145655081903,0.0,False,False,False,False,False,True,False,False,False,False,False,False,False,False,False,False,10,885084,0,13,0,1,2,0,8,0,0,1,2,33,3,7,3,0,105,0,12,9,5,83,29,17,4,0,62,0,8,1,D:20221019061221Z,D:20221019194151Z,0,2023 Impact-of-benign-sample-size-on-binary-classifi_2023_Expert-Systems-with-App.pdf
46,29,1.2608695652173914,0.028019323671497585,0.0,False,False,False,False,False,True,False,False,False,False,False,False,False,False,False,False,15,3482804,0,12,0,2,2,0,8,0,0,1,2,33,3,7,3,0,76,0,8,5,5,83,29,17,4,0,82,0,10,1,D:20230801205419Z,D:20230802053903Z,0,2023 A-multi-model-ensemble-learning-framework-for-imbal_2023_Expert-Systems-with.pdf
205,115,1.1219512195121952,0.005499760879961741,0.00894308943089431,False,False,False,False,False,True,False,False,False,False,False,False,False,False,False,False,11,1654875,0,12,0,1,2,0,8,0,0,1,2,33,3,7,3,0,97,0,9,5,5,83,29,17,4,0,43,0,5,1,D:20230824124831Z,D:20230824151222Z,0,2024 Beyond-data-poisoning-in-federated-learni_2024_Expert-Systems-with-Applicati.pdf
483,256,1.060041407867495,0.002199256032920114,0.0,False,False,False,False,False,True,False,False,False,False,False,False,False,False,False,False,23,1680387,0,11,0,1,2,0,8,0,0,1,2,33,3,7,3,0,105,0,13,12,5,83,29,17,4,0,91,0,11,1,D:20230504121846Z,D:20230504122721Z,0,2023 Temporal-feature-aggregation-with-attention-for-insi_2023_Expert-Systems-wit.pdf
318,171,1.0754716981132075,0.003392655199095292,0.0,False,False,False,False,False,True,False,False,False,False,False,False,False,False,False,False,14,1967574,0,16,0,1,2,0,8,0,0,1,2,33,3,7,3,0,55,0,5,4,5,83,29,17,4,0,100,0,14,1,D:20201202032402Z,D:20201202035708Z,0,2021 AnomalP--An-approach-for-detecting-anomalous-protein_2021_Expert-Systems-wit.pdf
100,70,1.4,0.014141414141414142,0.0,False,False,False,False,False,True,False,False,False,False,False,False,False,False,False,False,14,3275046,0,8,0,1,2,0,8,0,0,1,2,35,5,7,3,0,82,0,13,5,6,84,28,19,4,0,118,0,17,1,D:20181018021512+05'30',D:20181018021555+05'30',0,2019 A-new-graphic-kernel-method-of-stock-price-trend-predict_2019_Expert-Systems.pdf
365,192,1.0520547945205478,0.002890260424507,0.0,False,False,False,False,False,True,False,False,False,False,False,False,False,False,False,False,13,1831299,0,13,0,1,2,0,8,0,0,1,2,33,3,7,3,0,126,0,13,9,5,83,29,17,4,0,67,0,7,5,D:20211002083216Z,D:20211002095838Z,0,2021 Adversarial-machine-learning-in-Network-Intrusio_2021_Expert-Systems-with-Ap.pdf
132,96,1.4545454545454546,0.011103400416377515,0.008543771043771044,False,False,False,False,False,True,False,False,False,False,False,False,False,False,False,False,16,1563572,0,11,0,1,2,0,8,0,0,1,2,35,5,7,3,0,95,0,13,5,5,83,29,17,4,0,39,0,4,1,D:20200204143806+05'30',D:20200204143836+05'30',0,2020 Anomaly-explanation-with-random-forests_2020_Expert-Systems-with-Application.pdf
269,143,1.063197026022305,0.003967153082172779,0.0,False,False,False,False,False,True,False,False,False,False,False,False,False,False,False,False,12,1499541,0,12,0,1,2,0,8,0,0,1,2,33,3,7,3,0,83,0,10,5,5,83,29,17,4,0,84,0,13,1,D:20221205025100Z,D:20221205063805Z,0,1- 2023 A-complex-network-based-approach-for-security-and-g_2023_Expert-Systems-with.pdf
34,18,1.0588235294117647,0.03208556149732621,0.0,False,False,False,False,False,True,False,False,False,False,False,False,False,False,False,False,14,8212714,0,10,0,1,2,0,8,0,0,1,2,33,3,7,3,0,104,0,10,6,5,83,29,17,4,0,78,0,11,2,D:20211201111559Z,D:20211201122804Z,0,2022 The-rise-of-ransomware--Forensic-analysis-for-wind_2022_Expert-Systems-with-.pdf
209,105,1.0047846889952152,0.004830695620169304,0.0,False,False,False,False,False,True,False,False,False,False,False,False,False,False,False,False,9,658153,0,18,0,2,3,0,8,0,0,1,2,33,3,7,3,0,0,0,0,0,6,85,29,19,4,0,86,0,11,1,D:20130212214858+05'30',D:20130212215128+05'30',0,2013 Detecting-malicious-tweets-in-trending-topics-using-_2013_Expert-Systems-wit.pdf
195,118,1.2102564102564102,0.006238435104414486,0.0,False,False,False,False,False,True,False,False,False,False,False,False,False,False,False,False,28,3130716,0,0,0,0,0,0,8,0,0,1,0,6,0,0,2,0,0,0,0,0,5,89,22,16,5,0,0,0,0,0,D:20230909102405+05'30',D:20230909102405+05'30',0,2023 Stochastic-gradient-descent-classifier-based-lightweight-_2023_Expert-System.pdf
206,111,1.0776699029126213,0.005256926355671323,0.0,False,False,False,False,False,True,False,False,False,False,False,False,False,False,False,False,6,285044,1,13,0,3,3,0,8,0,0,1,2,33,3,7,3,0,0,0,0,0,6,85,29,19,4,0,33,0,6,1,D:20110108002214+05'30',D:20110108002304+05'30',0,2011 A-tag-topic-model-for-blog-mining_2011_Expert-Systems-with-Applications.pdf
415,225,1.0843373493975903,0.0026191723415400735,0.0,False,False,False,False,False,True,False,False,False,False,False,False,False,False,False,False,20,3112063,0,21,0,3,3,0,8,0,0,1,2,33,3,7,3,0,80,0,8,5,5,83,29,17,4,0,97,0,13,1,D:20221031025542Z,D:20221031043434Z,0,2023 An-effectiveness-analysis-of-transfer-learning-for-th_2023_Expert-Systems-wi.pdf
34,25,1.4705882352941178,0.044563279857397504,0.0,False,False,False,False,False,True,False,False,False,False,False,False,False,False,False,False,19,1432566,0,17,0,1,2,0,8,0,0,1,2,35,5,7,3,0,98,0,14,5,6,82,26,19,4,0,94,1,13,4,D:20180626144635+05'30',D:20180626144711+05'30',0,2018 G3MD--Mining-frequent-opcode-sub-graphs-for-metamorph_2018_Expert-Systems-wi.pdf
96,61,1.2708333333333333,0.01337719298245614,0.0,False,False,False,False,False,True,False,False,False,False,False,False,False,False,False,False,12,2380037,0,9,0,1,2,0,8,0,0,1,2,35,5,7,3,0,147,0,21,6,6,84,28,19,4,0,56,0,8,1,D:20190603222856+05'30',D:20190603222924+05'30',0,2019 A-multi-level-deep-learning-system-for-malwar_2019_Expert-Systems-with-Appli.pdf
101,58,1.1485148514851484,0.011485148514851485,0.0,False,False,False,False,False,True,False,False,False,False,False,False,False,False,False,False,18,8528903,0,9,0,1,2,0,8,0,0,1,2,33,3,7,3,0,69,0,7,4,5,83,29,17,4,0,91,0,11,1,D:20230605125131Z,D:20230605145011Z,0,2023 Bandit-based-data-poisoning-attack-against-federated_2023_Expert-Systems-wit.pdf
251,136,1.0836653386454183,0.004334661354581673,0.0,False,False,False,False,False,True,False,False,False,False,False,False,False,False,False,False,15,4824023,0,14,0,2,3,0,8,0,0,1,2,33,3,7,3,0,59,0,7,7,5,83,29,17,4,0,96,0,11,3,D:20230611123702Z,D:20230612051239Z,0,2023 Volatility-forecasting-with-hybrid-neural-networks-me_2023_Expert-Systems-wi.pdf
396,212,1.0707070707070707,0.002710650811916635,0.0,False,False,False,False,False,True,False,False,False,False,False,False,False,False,False,False,13,2189448,0,10,0,1,2,0,8,0,0,1,2,33,3,7,3,0,75,0,10,4,5,83,29,17,4,0,49,0,7,7,D:20220905150544Z,D:20220905153226Z,0,2022 UISMiner--Mining-UI-suggestions-from-user-r_2022_Expert-Systems-with-Applica.pdf
80,49,1.225,0.01550632911392405,0.0,False,False,False,False,False,True,False,False,False,False,False,False,False,False,False,False,19,2377650,1,7,0,1,1,0,8,0,0,1,2,33,3,7,3,0,96,0,11,13,5,83,29,17,4,0,100,0,14,7,D:20230615130758Z,D:20230615134347Z,0,2023 MalAnalyser--An-effective-and-efficient-Windows-malwar_2023_Expert-Systems-w.pdf
249,133,1.0682730923694779,0.004307552791812411,0.0,False,False,False,False,False,True,False,False,False,False,False,False,False,False,False,False,13,30782646,0,11,0,1,2,0,8,0,0,1,2,33,3,7,3,0,77,0,10,5,5,83,29,17,4,0,98,0,15,7,D:20230728101503Z,D:20230728121621Z,0,2023 TSGS--Two-stage-security-game-solution-based-on-deep-_2023_Expert-Systems-wi.pdf
21,12,1.1428571428571428,0.05714285714285714,0.0,False,False,False,False,False,True,False,False,False,False,False,False,False,False,False,False,9,941863,0,17,0,2,3,0,8,0,0,1,2,33,3,7,3,0,86,0,9,5,5,83,29,17,4,0,135,0,17,1,D:20230615130721Z,D:20230615131147Z,0,2023 An-empirical-study-of-pattern-leakage-impact-during-data-_2023_Expert-System.pdf
226,117,1.0353982300884956,0.004601769911504424,0.0,False,False,False,False,False,True,False,False,False,False,False,False,False,False,False,False,13,444005,0,19,0,4,3,0,8,0,0,1,2,33,3,7,3,0,0,0,0,0,6,85,29,19,29,0,68,0,9,1,D:20150408164733+05'30',D:20150408164750+05'30',0,2015 An-empirical-study-of-empty-prediction-of-multi-_2015_Expert-Systems-with-Ap.pdf
389,206,1.0591259640102828,0.0027297060928100072,0.0,False,False,False,False,False,True,False,False,False,False,False,False,False,False,False,False,17,1317578,0,12,0,1,2,0,8,0,0,1,2,33,3,7,3,0,58,0,6,3,5,83,29,17,4,0,35,0,4,4,D:20230611115530Z,D:20230612065756Z,0,2023 Breaking-the-structure-of-MaMaDroid_2023_Expert-Systems-with-Applications.pdf
46,28,1.2173913043478262,0.02705314009661836,0.0,False,False,False,False,False,True,False,False,False,False,False,False,False,False,False,False,14,1375349,0,17,0,1,2,0,8,0,0,1,2,35,5,7,3,0,75,0,9,4,6,83,27,19,4,0,85,0,11,2,D:20171121105659+05'30',D:20171121105727+05'30',0,2018 Picking-on-the-family--Disrupting-android-malware-t_2018_Expert-Systems-with.pdf
274,144,1.051094890510949,0.00385016443410604,0.0,False,False,False,False,False,True,False,False,False,False,False,False,False,False,False,False,11,1225270,0,13,0,1,2,0,8,0,0,1,2,33,3,7,3,0,114,0,12,7,5,83,29,17,4,0,72,0,10,4,D:20221001121339Z,D:20221001123335Z,0,2022 A-new-intrusion-detection-system-based-on-Moth-Fl_2022_Expert-Systems-with-A.pdf
390,205,1.0512820512820513,0.0027025245534242964,0.0,False,False,False,False,False,True,False,False,False,False,False,False,False,False,False,False,18,5278574,0,13,0,1,2,0,8,0,0,1,2,33,3,7,3,0,87,0,9,5,5,83,29,17,4,0,85,0,12,2,D:20220910115237Z,D:20220912120252Z,0,2022 Fusing-feature-engineering-and-deep-learning--A-cas_2022_Expert-Systems-with.pdf
347,182,1.0489913544668588,0.0030317669204244476,0.0,False,False,False,False,False,True,False,False,False,False,False,False,False,False,False,False,16,2966740,0,23,0,3,3,0,8,0,0,1,2,33,3,7,3,0,75,0,8,5,5,83,29,17,4,0,92,0,11,1,D:20220912123518Z,D:20220912125256Z,0,2022 Phishing-websites-detection-using-a-novel-multipurpo_2022_Expert-Systems-wit.pdf
333,177,1.063063063063063,0.0032019971779007925,0.0,False,False,False,False,False,True,False,False,False,False,False,False,False,False,False,False,13,2188247,0,14,0,1,2,0,8,0,0,1,2,33,3,7,3,0,74,0,10,6,5,83,29,17,4,0,92,0,11,1,D:20221202115355Z,D:20221202130851Z,0,2023 Robust-bag-classification-approach-for-multi-instanc_2023_Expert-Systems-wit.pdf
70,38,1.0857142857142856,0.015734989648033125,0.0,False,False,False,False,False,True,False,False,False,False,False,False,False,False,False,False,12,2851290,0,14,0,4,2,0,8,0,0,1,2,33,3,7,3,0,153,0,19,9,5,83,29,17,4,0,96,0,11,3,D:20201207233438Z,D:20201207235230Z,0,2021 Analysis-and-experimental-evaluation-of-the-Needleman_2021_Expert-Systems-wi.pdf
185,96,1.037837837837838,0.00564042303172738,0.0,False,False,False,False,False,True,False,False,False,False,False,False,False,False,False,False,12,1539622,0,15,0,1,2,0,8,0,0,1,2,35,5,7,3,0,100,0,16,9,6,83,27,19,4,0,40,0,5,1,D:20160216174017+05'30',D:20160216174038+05'30',0,2016 New-rule-based-phishing-detection-method_2016_Expert-Systems-with-Applicatio.pdf
363,186,1.024793388429752,0.002830920962513127,0.0,False,False,False,False,False,True,False,False,False,False,False,False,False,False,False,False,12,1488018,1,8,0,2,2,0,8,0,0,1,2,33,3,7,3,0,0,0,0,0,5,83,29,17,4,0,134,0,21,10,D:20200616164323+05'30',D:20200616164337+05'30',0,2020 Oslcfit--organic-simultaneous-LSTM-and-CNN-Fit---A-novel-_2020_Expert-System.pdf
138,91,1.318840579710145,0.009626573574526604,0.0,False,False,False,False,False,True,False,False,False,False,False,False,False,False,False,False,12,1114115,1,15,0,3,3,0,8,0,0,1,2,35,5,7,3,0,105,0,15,5,6,83,27,19,4,0,104,0,13,1,D:20170505210405+05'30',D:20170505210430+05'30',0,2017 Towards-filtering-undesired-short-text-messages-using-_2017_Expert-Systems-w.pdf
917,478,1.0425299890948745,0.0011381331758677671,0.0,False,False,False,False,False,True,False,False,False,False,False,False,False,False,False,False,25,1730561,0,19,0,1,2,0,8,0,0,1,2,33,3,7,3,0,94,0,13,9,5,83,29,17,4,0,89,0,15,3,D:20201109050008Z,D:20201109050128Z,0,2021 A-survey-of-Twitter-research--Data-model--graph-stru_2021_Expert-Systems-wit.pdf
417,228,1.0935251798561152,0.002628666297731046,0.0,False,False,False,False,False,True,False,False,False,False,False,False,False,False,False,False,20,2806751,0,23,0,2,4,0,8,0,0,1,2,33,3,7,3,0,77,0,7,6,5,83,29,17,4,0,103,0,13,3,D:20230508030620Z,D:20230508071815Z,0,2023 SwiftR--Cross-platform-ransomware-fingerprinting-using_2023_Expert-Systems-w.pdf
83,48,1.1566265060240963,0.014105201292976785,0.0,False,False,False,False,False,True,False,False,False,False,False,False,False,False,False,False,41,2110421,0,11,0,1,2,0,8,0,0,1,0,0,0,0,0,0,0,0,0,0,5,91,22,17,6,0,108,0,14,11,D:20230911133305+05'30',D:20230911133352+05'30',0,2023 An-improved-random-forest-based-on-the-classification-a_2023_Expert-Systems-.pdf
141,83,1.177304964539007,0.008409321175278622,0.0,False,False,False,False,False,True,False,False,False,False,False,False,False,False,False,False,22,2522475,0,22,0,1,2,0,8,0,0,1,2,33,3,7,3,0,82,0,10,6,5,83,29,17,4,0,106,0,15,2,D:20220905150544Z,D:20220905170409Z,0,2022 Improved-bias-value-and-new-membership-function-to-enh_2022_Expert-Systems-w.pdf
63,36,1.1428571428571428,0.018433179723502304,0.0,False,False,False,False,False,True,False,False,False,False,False,False,False,False,False,False,12,1486962,0,7,0,1,2,0,8,0,0,1,2,33,3,7,3,0,66,0,6,3,5,83,29,17,4,0,103,0,12,1,D:20221202101817Z,D:20221202151426Z,0,2023 Aliasing-black-box-adversarial-attack-with-joint-self-_2023_Expert-Systems-w.pdf
295,154,1.0440677966101695,0.0035512510088781275,0.0,False,False,False,False,False,True,False,False,False,False,False,False,False,False,False,False,15,1395638,0,7,0,1,2,0,8,0,0,1,2,33,3,7,3,0,0,0,0,0,6,85,29,19,4,0,89,0,12,2,D:20150502070417+05'30',D:20150502070612+05'30',0,2015 Game-of-information-security-investment--Impact-of-a_2015_Expert-Systems-wit.pdf
244,127,1.040983606557377,0.004283883154557107,0.0,False,False,False,False,False,True,False,False,False,False,False,False,False,False,False,False,11,1788282,0,21,0,2,3,0,8,0,0,1,2,33,3,7,3,0,106,0,11,5,5,83,29,17,4,0,83,0,11,7,D:20230731151153Z,D:20230731191839Z,0,2023 Fed-ANIDS--Federated-learning-for-anomaly-based-net_2023_Expert-Systems-with.pdf
202,106,1.0495049504950495,0.005221417664154475,0.0,False,False,False,False,False,True,False,False,False,False,False,False,False,False,False,False,12,3271192,0,16,0,2,2,0,8,0,0,1,2,33,3,7,3,0,69,0,8,5,5,83,29,17,4,0,84,0,16,3,D:20221031050454Z,D:20221031051827Z,0,2023 Fast--amp--Furious--On-the-modelling-of-malware-det_2023_Expert-Systems-with.pdf
38,24,1.263157894736842,0.034139402560455195,0.0,False,False,False,False,False,True,False,False,False,False,False,False,False,False,False,False,21,1684349,0,10,0,1,2,0,8,0,0,1,2,35,5,7,3,0,75,0,12,5,5,83,29,17,4,0,67,0,11,2,D:20200319220334+05'30',D:20200319220409+05'30',0,2020 Detection-of-malicious-social-bots--A-survey-and_2020_Expert-Systems-with-Ap.pdf
209,110,1.0526315789473684,0.005060728744939271,0.0,False,False,False,False,False,True,False,False,False,False,False,False,False,False,False,False,10,721348,0,14,0,1,2,0,8,0,0,1,2,33,3,7,3,0,132,0,16,6,5,83,29,17,4,0,78,0,10,1,D:20220608152801Z,D:20220608162433Z,0,1- 2022 A-fuzzy-based-ensemble-model-for-improving-malicio_2022_Expert-Systems-with-.pdf
53,38,1.4339622641509433,0.027576197387518143,0.0,False,False,False,False,False,True,False,False,False,False,False,False,False,False,False,False,13,1405294,1,12,0,2,2,0,8,0,0,1,2,35,5,7,3,0,85,0,12,5,6,82,26,19,4,0,72,0,8,1,D:20190529103336+05'30',D:20190529103408+05'30',0,2019 Code-similarity-detection-through-control-stateme_2019_Expert-Systems-with-A.pdf
296,160,1.0810810810810811,0.0036646816307833257,0.0,False,False,False,False,False,True,False,False,False,False,False,False,False,False,False,False,14,3009340,0,12,0,1,2,0,8,0,0,1,2,33,3,7,3,0,92,0,10,4,5,83,29,17,4,0,85,0,11,1,D:20220302021218Z,D:20220302021536Z,0,2022 A-framework-to-predict-early-news-popularity-using-_2022_Expert-Systems-with.pdf
285,148,1.03859649122807,0.0036570298986903877,0.0,False,False,False,False,False,True,False,False,False,False,False,False,False,False,False,False,12,2319939,0,17,0,2,3,0,8,0,0,1,2,33,3,7,3,0,62,0,6,5,5,83,29,17,4,0,67,0,7,1,D:20220917122804Z,D:20220917130531Z,0,2022 An-anomalous-sound-detection-methodology-for-pre_2022_Expert-Systems-with-Ap.pdf
275,156,1.1345454545454545,0.004140676841406768,0.0,False,False,False,False,False,True,False,False,False,False,False,False,False,False,False,False,14,1952500,0,12,0,1,2,0,8,0,0,1,2,33,3,7,3,0,116,0,12,9,5,83,29,17,4,0,120,0,14,4,D:20230901171059Z,D:20230902063537Z,0,2024 Equipment-classification-based-differential-game-method-_2024_Expert-Systems.pdf
250,126,1.008,0.004048192771084337,0.0,False,False,False,False,False,True,False,False,False,False,False,False,False,False,False,False,8,507739,0,11,0,1,2,0,8,0,0,1,2,33,3,7,3,0,0,0,0,0,6,85,29,19,4,0,63,0,7,1,D:20130825025716+05'30',D:20130825025803+05'30',0,2013 Customized-crowds-and-active-learning-to-improv_2013_Expert-Systems-with-App.pdf
242,170,1.4049586776859504,0.005829704056788176,0.00041322314049586776,False,False,False,False,False,True,False,False,False,False,False,False,False,False,False,False,9,514930,0,19,0,2,2,0,8,0,0,1,2,35,5,7,3,0,81,0,12,5,6,83,27,19,4,0,33,0,3,1,D:20160518172444+05'30',D:20160518172507+05'30',0,2016 Distance-based-online-classifiers_2016_Expert-Systems-with-Applications.pdf
62,33,1.064516129032258,0.017451084082496033,0.0,False,False,False,False,False,True,False,False,False,False,False,False,False,False,False,False,13,3693424,0,15,0,1,2,0,8,0,0,1,2,33,3,7,3,0,99,0,11,5,5,83,29,17,4,0,72,0,10,3,D:20230816174605Z,D:20230818055442Z,0,2024 MalDetect--A-classifier-fusion-approach-for-detec_2024_Expert-Systems-with-A.pdf
346,188,1.0867052023121386,0.003149870151629388,0.0,False,False,False,False,False,True,False,False,False,False,False,False,False,False,False,False,14,4010841,0,12,0,1,2,0,8,0,0,1,2,33,3,7,3,0,82,0,10,11,5,83,29,17,4,0,81,0,8,4,D:20211002091325Z,D:20211002094717Z,0,2021 Explaining-anomalies-detected-by-autoencoders-using_2021_Expert-Systems-with.pdf
22,13,1.1818181818181819,0.05627705627705628,0.0,False,False,False,False,False,True,False,False,False,False,False,False,False,False,False,False,10,1691687,0,0,0,0,0,0,0,0,0,0,2,35,5,7,3,0,0,0,0,0,0,0,0,0,0,0,0,0,0,0,D:20191105101222+05'30',D:20191105101249+05'30',0,2020 Detecting-malware-evolution-using-support-vec_2020_Expert-Systems-with-Appli.pdf
293,163,1.1126279863481228,0.0038103698162606945,0.0,False,False,False,False,False,True,False,False,False,False,False,False,False,False,False,False,16,5689796,0,21,0,3,3,0,8,0,0,1,2,33,3,7,3,0,124,0,15,13,5,83,29,17,4,0,73,0,8,7,D:20230615091141Z,D:20230615115220Z,0,2023 Cubic-Paraconsistent-Analysers-with-Evidence-Filt_2023_Expert-Systems-with-A.pdf
302,157,1.0397350993377483,0.0034542694330157754,0.0,False,False,False,False,False,True,False,False,False,False,False,False,False,False,False,False,13,591134,1,22,0,4,4,0,8,0,0,1,2,33,3,7,3,0,0,0,0,0,6,83,27,19,4,0,77,0,10,1,D:20110912162531+05'30',D:20110912162717+05'30',0,2012 Decision-tree-based-light-weight-intrusion-detecti_2012_Expert-Systems-with-.pdf
24,15,1.25,0.05434782608695652,0.0,False,False,False,False,False,True,False,False,False,False,False,False,False,False,False,False,10,1695958,0,15,0,1,2,0,8,0,0,1,2,35,5,7,3,0,56,0,7,3,6,83,27,19,4,0,75,0,11,8,D:20160804224702+05'30',D:20160804224728+05'30',0,2016 OCPAD--One-class-Naive-Bayes-classifier-for-payloa_2016_Expert-Systems-with-.pdf
381,198,1.0393700787401574,0.0027351844177372566,0.0,False,False,False,False,False,True,False,False,False,False,False,False,False,False,False,False,17,1345165,0,16,0,1,2,0,8,0,0,1,2,33,3,7,3,0,55,0,6,3,5,83,29,17,4,0,114,0,14,1,D:20220917131913Z,D:20220917132921Z,0,2022 Crypto-ransomware-detection-using-machine-learning-mode_2022_Expert-Systems-.pdf
44,29,1.3181818181818181,0.0306553911205074,0.0,False,False,False,False,False,True,False,False,False,False,False,False,False,False,False,False,11,4950780,1,8,0,2,2,0,8,0,0,1,2,33,3,7,3,0,116,0,12,5,5,83,29,17,4,0,102,0,13,1,D:20221001122033Z,D:20221001130138Z,0,2022 Behaviour-analysis-of-inter-app-communication-using-a-_2022_Expert-Systems-w.pdf
307,162,1.0553745928338762,0.0034489365778884846,0.0,False,False,False,False,False,True,False,False,False,False,False,False,False,False,False,False,13,1706437,0,9,0,1,2,0,8,0,0,1,2,33,3,7,3,0,74,0,8,4,5,83,29,17,4,0,112,0,15,2,D:20230830044203Z,D:20230830052913Z,0,2023 Context-based-irregular-activity-detection-in-event-log_2023_Expert-Systems-.pdf
176,133,1.5113636363636365,0.008636363636363636,0.008103354978354977,False,False,False,False,False,True,False,False,False,False,False,False,False,False,False,False,15,3647261,0,14,0,2,3,0,8,0,0,1,2,35,5,7,3,0,92,0,15,5,6,81,25,19,4,0,94,0,12,1,D:20171205074846+05'30',D:20171205074927+05'30',0,2018 Learning-under-concept-drift-with-follow-the-regulari_2018_Expert-Systems-wi.pdf
492,261,1.0609756097560976,0.0021608464557150665,0.0,False,False,False,False,False,True,False,False,False,False,False,False,False,False,False,False,22,5424784,0,13,0,1,2,0,8,0,0,1,2,33,3,7,3,0,73,0,9,33,5,83,29,17,4,0,86,0,9,6,D:20210921155128Z,D:20210921213426Z,0,2021 Deep-Learning-for-predicting-neutralities-in-Offensi_2021_Expert-Systems-wit.pdf
326,175,1.0736196319018405,0.0033034450212364322,0.0,False,False,False,False,False,True,False,False,False,False,False,False,False,False,False,False,13,1197318,0,20,0,1,2,0,8,0,0,1,2,33,3,7,3,0,136,0,14,6,5,83,29,17,4,0,92,0,13,12,D:20220510054036Z,D:20220510111508Z,0,2022 ROULETTE--A-neural-attention-multi-output-model-for-_2022_Expert-Systems-wit.pdf
177,102,1.152542372881356,0.0065485362095531584,0.0,False,False,False,False,False,True,False,False,False,False,False,False,False,False,False,False,31,4836601,0,11,0,1,2,0,8,0,0,1,2,33,3,7,3,0,76,0,9,6,5,83,29,17,4,0,81,0,14,2,D:20211001103322Z,D:20211002103230Z,0,2021 A-review-on-social-spam-detection--Challenges--open_2021_Expert-Systems-with.pdf
497,266,1.0704225352112675,0.002158109950022717,0.0,False,False,False,False,False,True,False,False,False,False,False,False,False,False,False,False,22,6071489,0,24,0,1,2,0,8,0,0,1,2,33,3,7,3,0,99,0,12,6,5,83,29,17,4,0,80,0,10,2,D:20220510120035Z,D:20220510120327Z,0,2022 Honeyboost--Boosting-honeypot-performance-with-dat_2022_Expert-Systems-with-.pdf
102,62,1.2156862745098038,0.012036497767423802,0.0,False,False,False,False,False,True,False,False,False,False,False,False,False,False,False,False,11,2843913,0,8,0,1,2,0,8,0,0,1,2,33,3,7,3,0,110,0,13,9,5,83,29,17,4,0,86,0,10,1,D:20230615132532Z,D:20230615135341Z,0,2023 Cloud-edge-coordinated-traffic-anomaly-detection-for_2023_Expert-Systems-wit.pdf
282,150,1.0638297872340425,0.0037858711289467705,0.0,False,False,False,False,False,True,False,False,False,False,False,False,False,False,False,False,14,915605,1,18,0,5,3,0,8,0,0,1,2,33,3,7,3,0,29,0,2,3,5,83,29,17,4,0,73,0,10,3,D:20221001114934Z,D:20221001120359Z,0,2022 ObfSec--Measuring-the-security-of-obfuscations-fr_2022_Expert-Systems-with-A.pdf
478,251,1.0502092050209204,0.002201696446584739,0.0,False,False,False,False,False,True,False,False,False,False,False,False,False,False,False,False,21,6292901,0,13,0,1,2,0,8,0,0,1,2,33,3,7,3,0,69,0,7,5,5,83,29,17,4,0,62,0,9,3,D:20220112082517Z,D:20220112084553Z,0,2022 AutoLog--Anomaly-detection-by-deep-autoencoding_2022_Expert-Systems-with-App.pdf
89,57,1.2808988764044944,0.014555669050051073,0.0,False,False,False,False,False,True,False,False,False,False,False,False,False,False,False,False,12,756098,0,12,0,1,2,0,8,0,0,1,2,35,5,7,3,0,96,0,14,6,6,83,27,19,4,0,53,0,5,1,D:20171024143015+05'30',D:20171024143044+05'30',0,2018 Multiple-instance-learning-for-malware-class_2018_Expert-Systems-with-Applic.pdf
62,43,1.3870967741935485,0.022739291380222106,0.0,False,False,False,False,False,True,False,False,False,False,False,False,False,False,False,False,19,1268692,2,18,0,4,4,0,8,0,0,1,2,35,5,7,3,0,90,0,12,4,6,82,26,19,3,0,55,0,6,1,D:20180321100040+05'30',D:20180321100117+05'30',0,2018 Adapting-dynamic-classifier-selection-for-con_2018_Expert-Systems-with-Appli.pdf
41,23,1.1219512195121952,0.02804878048780488,0.0,False,False,False,False,False,True,False,False,False,False,False,False,False,False,False,False,20,3773360,0,11,0,1,2,0,8,0,0,1,2,35,5,7,3,0,110,0,17,6,6,83,27,19,4,0,126,0,16,5,D:20160718113637+05'30',D:20160718113708+05'30',0,2016 SFEM--Structural-feature-extraction-methodology-for-the-_2016_Expert-Systems.pdf
388,197,1.0154639175257731,0.002623937771384427,0.0,False,False,False,False,False,True,False,False,False,False,False,False,False,False,False,False,10,406137,0,17,0,2,3,0,8,0,0,1,2,33,3,7,3,0,0,0,0,0,6,85,29,19,4,0,36,0,6,4,D:20120326174518+05'30',D:20120326174609+05'30',0,2012 SMS-spam-filtering--Methods-and-data_2012_Expert-Systems-with-Applications.pdf
602,311,1.0332225913621262,0.0017191723649952184,0.0,False,False,False,False,False,True,False,False,False,False,False,False,False,False,False,False,21,1535363,0,16,0,1,2,0,8,0,0,1,2,33,3,7,3,0,107,0,10,11,5,83,29,17,4,0,96,0,15,1,D:20210121003900Z,D:20210121044904Z,0,2021 A-state-of-the-art-review-on-mobile-robotics-tasks-us_2021_Expert-Systems-wi.pdf
364,194,1.065934065934066,0.002936457481912027,0.0,False,False,False,False,False,True,False,False,False,False,False,False,False,False,False,False,16,1694064,0,15,0,1,2,0,8,0,0,1,2,33,3,7,3,0,104,0,11,5,5,83,29,17,4,1,98,0,13,2,D:20230912091810Z,D:20230912133617Z,0,2023 Touchscreen-gestures-as-images--A-transfer-learning-a_2023_Expert-Systems-wi.pdf
60,42,1.4,0.023728813559322035,0.011324786324786324,False,False,False,False,False,True,False,False,False,False,False,False,False,False,False,False,27,4847223,0,12,0,1,2,0,8,0,0,1,2,33,3,7,3,0,94,0,12,8,5,83,29,17,4,0,78,0,11,1,D:20220912123518Z,D:20220912132109Z,0,2022 Design-and-evaluation-of-adaptive-system-for-big-d_2022_Expert-Systems-with-.pdf
421,231,1.0973871733966747,0.0026128266033254156,0.0,False,False,False,False,False,True,False,False,False,False,False,False,False,False,False,False,16,2142732,0,12,0,1,2,0,8,0,0,1,2,33,3,7,3,0,157,0,19,10,5,83,29,17,4,0,111,0,13,2,D:20220411114135Z,D:20220411114143Z,0,2022 Intelligent-software-debugging--A-reinforcement-learnin_2022_Expert-Systems-.pdf
18,11,1.2222222222222223,0.0718954248366013,0.0,False,False,False,False,False,True,False,False,False,False,False,False,False,False,False,False,12,6709041,0,10,0,1,2,0,8,0,0,1,2,33,3,7,3,0,101,0,13,10,5,83,29,17,4,0,122,0,18,12,D:20220912121440Z,D:20220912143904Z,0,2022 ICSA--Intelligent-chatbot-security-assistant-using-Text-_2022_Expert-Systems.pdf
381,209,1.0971128608923884,0.0028871391076115485,0.0,False,False,False,False,False,True,False,False,False,False,False,False,False,False,False,False,12,1665399,2,11,0,3,3,0,8,0,0,1,2,33,3,7,3,0,0,0,0,0,6,85,29,19,29,0,70,0,9,2,D:20150228101344+05'30',D:20150228101554+05'30',0,2015 A-modular-approach-for-lexical-normalization-appl_2015_Expert-Systems-with-A.pdf
118,61,1.0338983050847457,0.008836737650296972,0.0,False,False,False,False,False,True,False,False,False,False,False,False,False,False,False,False,5,184927,0,42,0,12,9,0,8,0,0,1,2,33,3,7,3,0,0,0,0,0,0,0,0,0,0,0,62,0,7,1,D:20100520194802+05'30',D:20100520194946+05'30',0,2010 Random-effects-logistic-regression-model-for-an_2010_Expert-Systems-with-App.pdf
46,26,1.1304347826086956,0.025120772946859903,0.0,False,False,False,False,False,True,False,False,False,False,False,False,False,False,False,False,14,2851114,0,19,0,1,2,0,8,0,0,1,2,33,3,7,3,0,94,0,9,5,5,83,29,17,4,0,86,2,12,1,D:20220514222449Z,D:20220515125122Z,0,2022 A-pipeline-and-comparative-study-of-12-machine-learn_2022_Expert-Systems-wit.pdf
116,76,1.3103448275862069,0.011394302848575712,0.020114942528735632,False,False,False,False,False,True,False,False,False,False,False,False,False,False,False,False,14,1684812,0,10,0,1,2,0,8,0,0,1,2,35,5,7,3,0,42,0,8,9,6,84,28,19,4,0,67,0,8,5,D:20180219130744+05'30',D:20180219130810+05'30',0,2018 Learning-communication-patterns-for-malware-disc_2018_Expert-Systems-with-Ap.pdf
244,128,1.0491803278688525,0.004317614517978817,0.0,False,False,False,False,False,True,False,False,False,False,False,False,False,False,False,False,11,1245745,0,14,0,1,2,0,8,0,0,1,2,33,3,7,3,0,95,0,10,11,5,83,29,17,4,0,96,0,12,1,D:20211205143757Z,D:20211205175028Z,0,2022 Maximum-correlation-based-mutual-information-scheme-f_2022_Expert-Systems-wi.pdf
65,37,1.1384615384615384,0.017788461538461538,0.0,False,False,False,False,False,True,False,False,False,False,False,False,False,False,False,False,18,5354831,0,21,0,2,3,0,8,0,0,1,2,33,3,7,3,0,49,0,6,17,5,83,29,17,4,0,88,0,11,8,D:20230106110730Z,D:20230106125225Z,0,2023 Implementation-of-intrusion-detection-model-for-DDoS_2023_Expert-Systems-wit.pdf
415,228,1.0987951807228915,0.0026540946394272742,0.007228915662650603,False,False,False,False,False,True,False,False,False,False,False,False,False,False,False,False,17,3034840,0,8,0,1,2,0,8,0,0,1,2,33,3,7,3,0,66,0,7,4,5,83,29,17,4,0,75,1,12,7,D:20230612073304Z,D:20230612075348Z,0,2023 A-method-for-analyzing-Stackelberg-attack-defense-_2023_Expert-Systems-with-.pdf
308,166,1.077922077922078,0.0035111468336224035,0.0,False,False,False,False,False,True,False,False,False,False,False,False,False,False,False,False,15,3784672,0,8,0,1,2,0,8,0,0,1,2,33,3,7,3,0,103,0,12,5,5,83,29,17,4,0,93,0,13,5,D:20230827162859Z,D:20230828031916Z,0,2024 SeGDroid--An-Android-malware-detection-method-based-o_2024_Expert-Systems-wi.pdf
208,116,1.1153846153846154,0.005388331475287997,0.0,False,False,False,False,False,True,False,False,False,False,False,False,False,False,False,False,15,1551574,0,10,0,1,2,0,8,0,0,1,2,33,3,7,3,0,104,0,13,8,5,83,29,17,4,0,91,0,10,1,D:20210120112041Z,D:20210120150326Z,0,2021 Resolving-cross-site-scripting-attacks-through-genet_2021_Expert-Systems-wit.pdf
275,152,1.1054545454545455,0.004034505640345056,0.0,False,False,False,False,False,True,False,False,False,False,False,False,False,False,False,False,20,10226234,0,20,0,3,3,0,8,0,0,1,2,33,3,7,3,0,86,0,9,5,5,83,29,17,4,0,58,0,6,1,D:20220905150544Z,D:20220905161532Z,0,2022 Data-poisoning-attacks-against-machine-learnin_2022_Expert-Systems-with-Appl.pdf
261,132,1.0114942528735633,0.0038903625110521664,0.0,False,False,False,False,False,True,False,False,False,False,False,False,False,False,False,False,8,260591,0,11,0,1,2,0,8,0,0,1,2,33,3,7,3,0,0,0,0,0,6,83,27,19,4,0,74,0,10,5,D:20110907120110+05'30',D:20110907120222+05'30',0,2012 Enhanced-Topic-based-Vector-Space-Model-for-seman_2012_Expert-Systems-with-A.pdf
90,55,1.2222222222222223,0.01373283395755306,0.0,False,False,False,False,False,True,False,False,False,False,False,False,False,False,False,False,36,6275285,0,11,0,1,2,0,8,0,0,1,2,33,3,7,3,0,78,1,9,11,5,83,29,17,4,0,110,1,12,5,D:20230304162907Z,D:20230304172640Z,0,2023 Efficient-feature-extraction-methodologies-for-unknown-_2023_Expert-Systems-.pdf
528,274,1.0378787878787878,0.0019694094646656316,0.0,False,False,False,False,False,True,False,False,False,False,False,False,False,False,False,False,21,4588752,0,9,0,1,2,0,8,0,0,1,2,33,3,7,3,0,88,0,10,7,5,83,29,17,4,0,82,0,13,3,D:20220917122804Z,D:20220917134040Z,0,2022 Tracing-the-evolution-of-AI-in-the-past-decade-and-_2022_Expert-Systems-with.pdf
52,33,1.2692307692307692,0.024886877828054297,0.0,False,False,False,False,False,True,False,False,False,False,False,False,False,False,False,False,15,1232857,1,32,6,9,5,0,8,0,0,1,2,35,5,7,3,0,80,0,13,6,6,84,28,19,4,0,72,0,11,2,D:20181013221249+05'30',D:20181013221326+05'30',0,2019 The-arms-race--Adversarial-search-defeats-entropy_2019_Expert-Systems-with-A.pdf
273,144,1.054945054945055,0.003878474466709761,0.0,False,False,False,False,False,True,False,False,False,False,False,False,False,False,False,False,13,1031102,0,13,0,1,2,0,8,0,0,1,2,33,3,7,3,0,48,0,5,3,5,83,29,17,4,0,91,0,11,1,D:20220210190641Z,D:20220211001018Z,0,2022 A-stratified-approach-to-function-fingerprinting-in-_2022_Expert-Systems-wit.pdf
394,206,1.0456852791878173,0.002660776791826507,0.0,False,False,False,False,False,True,False,False,False,False,False,False,False,False,False,False,18,1491730,0,13,0,1,2,0,8,0,0,1,2,33,3,7,3,0,37,0,3,3,5,83,29,17,4,0,94,0,14,2,D:20221116124854Z,D:20221116130657Z,0,2023 On-the-exploitation-of-the-blockchain-technology-in-t_2023_Expert-Systems-wi.pdf
60,32,1.0666666666666667,0.01807909604519774,0.0,False,False,False,False,False,True,False,False,False,False,False,False,False,False,False,False,9,3311164,0,13,0,1,2,0,8,0,0,1,2,33,3,7,3,0,78,0,8,4,5,83,29,17,4,0,76,0,8,1,D:20220912120429Z,D:20220917155052Z,0,2022 Novel-blockchain-transaction-provenance-model-with_2022_Expert-Systems-with-.pdf
235,125,1.0638297872340425,0.004546281142025823,0.0,False,False,False,False,False,True,False,False,False,False,False,False,False,False,False,False,13,1085209,1,8,0,2,2,0,8,0,0,1,2,33,3,7,3,0,0,0,0,0,5,83,29,17,4,0,81,0,9,1,D:20200616174546+05'30',D:20200616174658+05'30',0,2020 An-online-isotonic-separation-with-cascade-architec_2020_Expert-Systems-with.pdf
63,40,1.2698412698412698,0.02048131080389145,0.0,False,False,False,False,False,True,False,False,False,False,False,False,False,False,False,False,14,2996381,0,15,0,1,2,0,8,0,0,1,2,33,3,7,3,0,116,0,15,9,5,83,29,17,4,0,142,0,20,9,D:20230819180015Z,D:20230819234623Z,0,2023 LSO-CSL--Light-spectrum-optimizer-based-convolutional-stac_2023_Expert-Syste.pdf
62,36,1.1612903225806452,0.019037546271813855,0.0,False,False,False,False,False,True,False,False,False,False,False,False,False,False,False,False,17,1951777,1,15,0,3,3,0,8,0,0,1,2,33,3,7,3,0,175,6,24,43,5,83,29,17,4,0,123,0,15,15,D:20220208215504Z,D:20220208220335Z,0,2022 Hybrid-Intrusion-Detection-using-MapReduce-based-Black-W_2022_Expert-Systems.pdf
44,24,1.0909090909090908,0.02536997885835095,0.0,False,False,False,False,False,True,False,False,False,False,False,False,False,False,False,False,18,3480416,0,12,0,1,2,0,8,0,0,1,2,33,3,7,3,0,67,0,8,3,5,83,29,17,4,0,116,0,16,2,D:20230904015311Z,D:20230904021337Z,0,2024 Potential-sources-of-sensor-data-anomalies-for-autonomo_2024_Expert-Systems-.pdf
63,34,1.0793650793650793,0.017409114183307733,0.0,False,False,False,False,False,True,False,False,False,False,False,False,False,False,False,False,11,2504996,0,22,0,2,3,0,8,0,0,1,2,33,3,7,3,0,98,0,11,5,5,83,29,17,4,0,103,0,12,5,D:20220811093811Z,D:20220811093832Z,0,2022 DroidMalwareDetector--A-novel-Android-malware-detectio_2022_Expert-Systems-w.pdf
369,192,1.0406504065040652,0.002827854365500177,0.0,False,False,False,False,False,True,False,False,False,False,False,False,False,False,False,False,16,1472817,0,14,0,1,2,0,8,0,0,1,2,33,3,7,3,0,58,0,5,5,5,83,29,17,4,0,103,0,15,13,D:20220510111849Z,D:20220510111857Z,0,2022 HEAVEN--A-Hardware-Enhanced-AntiVirus-ENgine-to-accele_2022_Expert-Systems-w.pdf
129,88,1.3643410852713178,0.01065891472868217,0.0,False,False,False,False,False,True,False,False,False,False,False,False,False,False,False,False,18,2030428,0,12,0,1,2,0,8,0,0,1,2,35,5,7,3,0,132,0,21,14,6,84,28,19,4,0,144,0,18,12,D:20180717105800+05'30',D:20180717105827+05'30',0,2018 AuthCom--Authorship-verification-and-compromised-account-d_2018_Expert-Syste.pdf
35,19,1.0857142857142856,0.031932773109243695,0.0,False,False,False,False,False,True,False,False,False,False,False,False,False,False,False,False,11,2421368,0,15,0,1,2,0,8,0,0,1,2,33,3,7,3,0,41,0,5,3,5,83,29,17,4,0,63,0,10,1,D:20210305083854Z,D:20210305093014Z,0,2021 A-graph-based-approach-to-detect-unexplained-se_2021_Expert-Systems-with-App.pdf
348,178,1.0229885057471264,0.002948093676504687,0.0,False,False,False,False,False,True,False,False,False,False,False,False,False,False,False,False,12,1139752,0,15,0,1,2,0,8,0,0,1,2,33,3,7,3,0,0,0,0,0,6,85,29,19,4,0,63,0,6,3,D:20140510181356+05'30',D:20140510181510+05'30',0,2014 Phishing-detection-based-Associative-Classifica_2014_Expert-Systems-with-App.pdf
302,160,1.0596026490066226,0.0035202745814173503,0.0,False,False,False,False,False,True,False,False,False,False,False,False,False,False,False,False,18,3174423,0,10,0,2,2,0,8,0,0,1,2,33,3,7,3,0,136,0,13,5,5,83,29,17,4,0,128,0,15,1,D:20220912115719Z,D:20220912121205Z,0,2022 Generating-realistic-cyber-data-for-training-and-evaluati_2022_Expert-System.pdf
614,346,1.1270358306188926,0.0018385576355936257,0.00021574516688523202,False,False,False,False,False,True,False,False,False,False,False,False,False,False,False,False,36,3918480,0,0,0,0,0,0,8,0,0,1,0,6,0,0,2,0,0,0,0,0,5,89,22,16,5,0,0,0,0,0,D:20230913100515+05'30',D:20230913100515+05'30',0,2023 EDGCNet--Joint-dynamic-hyperbolic-graph-convolution-and_2023_Expert-Systems-.pdf
325,164,1.0092307692307692,0.0031149097815764484,0.0,False,False,False,False,False,True,False,False,False,False,False,False,False,False,False,False,10,941717,0,11,0,1,2,0,8,0,0,1,2,33,3,7,3,0,0,0,0,0,6,83,27,19,29,0,126,0,17,4,D:20140823120636+05'30',D:20140823121925+05'30',0,2015 On-the-combination-of-genetic-fuzzy-systems-and-pairwise_2015_Expert-Systems.pdf
65,41,1.2615384615384615,0.01971153846153846,0.0,False,False,False,False,False,True,False,False,False,False,False,False,False,False,False,False,21,2500274,0,11,0,1,2,0,8,0,0,1,2,35,5,7,3,0,122,0,21,10,6,84,28,19,4,0,127,0,17,1,D:20180305104933+05'30',D:20180305105006+05'30',0,2018 Trusted-detection-of-ransomware-in-a-private-cloud-using_2018_Expert-Systems.pdf
309,175,1.132686084142395,0.0036775522212415417,0.0,False,False,False,False,False,True,False,False,False,False,False,False,False,False,False,False,15,1478600,0,10,0,1,2,0,8,0,0,1,2,33,3,7,3,0,62,0,6,3,5,83,29,17,4,0,58,0,6,1,D:20230911040408Z,D:20230911040923Z,0,2024 Cost-effective-transfer-of-reinforcement-learn_2024_Expert-Systems-with-Appl.pdf
66,39,1.1818181818181819,0.01818181818181818,0.0,False,False,False,False,False,True,False,False,False,False,False,False,False,False,False,False,15,2085907,0,9,0,1,2,0,8,0,0,1,2,33,3,7,3,0,115,0,12,6,5,83,29,17,4,0,66,0,9,4,D:20201007105015Z,D:20201007105744Z,0,2020 M-AdaBoost-A-based-ensemble-system-for-network-i_2020_Expert-Systems-with-Ap.pdf
155,100,1.2903225806451613,0.008378718056137411,0.0,False,False,False,False,False,True,False,False,False,False,False,False,False,False,False,False,23,5130897,0,19,0,2,3,0,8,0,0,1,2,35,5,7,3,0,81,0,13,6,6,81,25,19,4,0,72,0,10,1,D:20170408104704+05'30',D:20170408104739+05'30',0,2017 On-the-reliable-detection-of-concept-drift-from-s_2017_Expert-Systems-with-A.pdf
14,7,1.0,0.07692307692307693,0.0,False,False,False,False,False,True,False,False,False,False,False,False,False,False,False,False,20,3978430,0,15,0,2,3,0,8,0,0,1,2,35,5,7,3,0,106,0,16,6,6,81,25,19,4,0,75,0,12,2,D:20180410053723+05'30',D:20180410053815+05'30',0,2018 A-survey-of-phishing-attacks--Their-types--vectors_2018_Expert-Systems-with-.pdf
144,87,1.2083333333333333,0.00844988344988345,0.015046296296296299,False,False,False,False,False,True,False,False,False,False,False,False,False,False,False,False,14,1790503,0,9,0,1,2,0,8,0,0,1,2,33,3,7,3,0,94,0,11,5,5,83,29,17,4,0,109,0,14,1,D:20220329064304Z,D:20220329064350Z,0,2022 Fractional-order-time-delay-multivariable-discrete-grey_2022_Expert-Systems-.pdf
104,54,1.0384615384615385,0.010082150858849889,0.0,False,False,False,False,False,True,False,False,False,False,False,False,False,False,False,False,10,1221498,0,9,0,1,2,0,8,0,0,1,2,35,5,7,3,0,82,0,10,4,6,81,25,19,4,0,67,0,7,1,D:20160125214347+05'30',D:20160125214422+05'30',0,2016 Malicious-sequential-pattern-mining-for-automati_2016_Expert-Systems-with-Ap.pdf
428,216,1.0093457943925233,0.002363807481012935,0.0,False,False,False,False,False,True,False,False,False,False,False,False,False,False,False,False,15,1253777,0,10,0,1,2,0,8,0,0,1,2,33,3,7,3,0,0,0,0,0,6,85,29,19,29,0,77,0,11,5,D:20140428180554+05'30',D:20140428181432+05'30',0,2014 Novel-active-learning-methods-for-enhanced-PC-malw_2014_Expert-Systems-with-.pdf
33,18,1.0909090909090908,0.03409090909090909,0.0,False,False,False,False,False,True,False,False,False,False,False,False,False,False,False,False,8,470589,0,10,0,1,2,0,8,0,0,1,2,35,5,7,3,0,51,0,7,4,6,84,28,19,4,0,82,0,10,2,D:20190128174121+05'30',D:20190128174148+05'30',0,2019 Detection-of-algorithmically-generated-malicious-do_2019_Expert-Systems-with.pdf
77,44,1.1428571428571428,0.015037593984962405,0.0,False,False,False,False,False,True,False,False,False,False,False,False,False,False,False,False,19,6177867,1,21,0,3,3,0,8,0,0,1,2,33,3,7,3,0,126,0,13,8,5,83,29,17,4,0,107,0,12,10,D:20210825231043Z,D:20210826061414Z,0,2021 Multiple-Similarity-based-Features-Blending-for-Detect_2021_Expert-Systems-w.pdf
73,45,1.2328767123287672,0.017123287671232876,0.0,False,False,False,False,False,True,False,False,False,False,False,False,False,False,False,False,29,7506146,0,17,0,1,2,0,8,0,0,1,2,33,3,7,3,0,126,0,26,30,5,83,29,17,4,0,99,0,18,7,D:20221001121339Z,D:20221001142955Z,0,2022 Multi-Channel-Man-in-the-Middle-attacks-against-prote_2022_Expert-Systems-wi.pdf
346,182,1.0520231213872833,0.0030493423808327052,0.0,False,False,False,False,False,True,False,False,False,False,False,False,False,False,False,False,16,2199617,0,6,0,1,2,0,8,0,0,1,2,33,3,7,3,0,92,0,10,4,5,83,29,17,4,0,110,0,13,1,D:20230612073419Z,D:20230612075513Z,0,2023 Contrastive-learning-enhanced-deep-neural-network-with-_2023_Expert-Systems-.pdf
